{"meta": {"format": 3, "version": "7.13.5", "timestamp": "2026-04-19T14:47:51.029136", "branch_coverage": false, "show_contexts": false}, "files": {"src/app.py": {"executed_lines": [3, 4, 5, 6, 8, 9, 11, 15, 16, 17, 18, 22, 23, 24, 25, 26, 29, 30, 34, 35, 40, 41, 42, 45, 48, 51, 54, 58, 59, 60, 61, 62, 63, 67, 71, 74, 77, 80, 83, 84, 86, 87, 89, 90, 95, 96, 97, 98, 99, 100, 101, 104, 110, 111, 112, 113, 124, 130, 131, 132, 134, 135, 136, 137, 138, 140, 150, 152, 155, 158, 160, 161, 162, 163, 180, 192, 193, 194, 196, 201, 202, 208, 214, 215, 226, 229, 242, 245, 246, 247, 249, 250, 252, 253, 254, 255, 256, 257, 268, 269, 271, 279, 282, 287, 288, 289, 290, 291, 292, 293, 296, 298, 301, 307, 310, 316, 317, 318, 319, 320, 323, 330, 331, 332, 333, 339, 347, 354, 355, 357, 358, 360, 361, 364, 365, 373, 378, 379, 380, 383, 384, 385, 386, 387, 390, 395, 396, 397, 399, 402, 403], "summary": {"covered_lines": 151, "num_statements": 157, "percent_covered": 96.17834394904459, "percent_covered_display": "96", "missing_lines": 6, "excluded_lines": 0, "percent_statements_covered": 96.17834394904459, "percent_statements_covered_display": "96"}, "missing_lines": [223, 224, 362, 381, 398, 405], "excluded_lines": [], "functions": {"build_p10_handler": {"executed_lines": [110, 111, 112, 113], "summary": {"covered_lines": 4, "num_statements": 4, "percent_covered": 100.0, "percent_covered_display": "100", "missing_lines": 0, "excluded_lines": 0, "percent_statements_covered": 100.0, "percent_statements_covered_display": "100"}, "missing_lines": [], "excluded_lines": [], "start_line": 104}, "build_on_inscripcion_confirmada_callback": {"executed_lines": [130, 131, 132, 134, 152], "summary": {"covered_lines": 5, "num_statements": 5, "percent_covered": 100.0, "percent_covered_display": "100", "missing_lines": 0, "excluded_lines": 0, "percent_statements_covered": 100.0, "percent_statements_covered_display": "100"}, "missing_lines": [], "excluded_lines": [], "start_line": 124}, "build_on_inscripcion_confirmada_callback._callback": {"executed_lines": [135, 136, 137, 138, 140, 150], "summary": {"covered_lines": 6, "num_statements": 6, "percent_covered": 100.0, "percent_covered_display": "100", "missing_lines": 0, "excluded_lines": 0, "percent_statements_covered": 100.0, "percent_statements_covered_display": "100"}, "missing_lines": [], "excluded_lines": [], "start_line": 134}, "build_p11_handler": {"executed_lines": [160, 161, 162, 163], "summary": {"covered_lines": 4, "num_statements": 4, "percent_covered": 100.0, "percent_covered_display": "100", "missing_lines": 0, "excluded_lines": 0, "percent_statements_covered": 100.0, "percent_statements_covered_display": "100"}, "missing_lines": [], "excluded_lines": [], "start_line": 158}, "build_on_finalizada_callback": {"executed_lines": [192, 193, 194, 196, 226], "summary": {"covered_lines": 5, "num_statements": 5, "percent_covered": 100.0, "percent_covered_display": "100", "missing_lines": 0, "excluded_lines": 0, "percent_statements_covered": 100.0, "percent_statements_covered_display": "100"}, "missing_lines": [], "excluded_lines": [], "start_line": 180}, "build_on_finalizada_callback._on_finalizada": {"executed_lines": [201, 202, 208, 214, 215], "summary": {"covered_lines": 5, "num_statements": 7, "percent_covered": 71.42857142857143, "percent_covered_display": "71", "missing_lines": 2, "excluded_lines": 0, "percent_statements_covered": 71.42857142857143, "percent_statements_covered_display": "71"}, "missing_lines": [223, 224], "excluded_lines": [], "start_line": 196}, "_notificar_resultados_p11": {"executed_lines": [242, 245, 246, 247, 249, 250, 252, 253, 254, 255, 256, 257, 268, 269, 271, 279], "summary": {"covered_lines": 16, "num_statements": 16, "percent_covered": 100.0, "percent_covered_display": "100", "missing_lines": 0, "excluded_lines": 0, "percent_statements_covered": 100.0, "percent_statements_covered_display": "100"}, "missing_lines": [], "excluded_lines": [], "start_line": 229}, "_obtener_datos_atleta_p11": {"executed_lines": [287, 288, 289, 290, 291, 292, 293], "summary": {"covered_lines": 7, "num_statements": 7, "percent_covered": 100.0, "percent_covered_display": "100", "missing_lines": 0, "excluded_lines": 0, "percent_statements_covered": 100.0, "percent_statements_covered_display": "100"}, "missing_lines": [], "excluded_lines": [], "start_line": 282}, "_rp_publicado": {"executed_lines": [298], "summary": {"covered_lines": 1, "num_statements": 1, "percent_covered": 100.0, "percent_covered_display": "100", "missing_lines": 0, "excluded_lines": 0, "percent_statements_covered": 100.0, "percent_statements_covered_display": "100"}, "missing_lines": [], "excluded_lines": [], "start_line": 296}, "_crear_podio_publicado": {"executed_lines": [307], "summary": {"covered_lines": 1, "num_statements": 1, "percent_covered": 100.0, "percent_covered_display": "100", "missing_lines": 0, "excluded_lines": 0, "percent_statements_covered": 100.0, "percent_statements_covered_display": "100"}, "missing_lines": [], "excluded_lines": [], "start_line": 301}, "_obtener_nombre_torneo": {"executed_lines": [316, 317, 318, 319, 320], "summary": {"covered_lines": 5, "num_statements": 5, "percent_covered": 100.0, "percent_covered_display": "100", "missing_lines": 0, "excluded_lines": 0, "percent_statements_covered": 100.0, "percent_statements_covered_display": "100"}, "missing_lines": [], "excluded_lines": [], "start_line": 310}, "_calcular_ranking_por_finalizacion": {"executed_lines": [330, 331, 332, 333, 339], "summary": {"covered_lines": 5, "num_statements": 5, "percent_covered": 100.0, "percent_covered_display": "100", "missing_lines": 0, "excluded_lines": 0, "percent_statements_covered": 100.0, "percent_statements_covered_display": "100"}, "missing_lines": [], "excluded_lines": [], "start_line": 323}, "_calcular_overall_si_corresponde": {"executed_lines": [354, 355, 357, 358, 360, 361, 364, 365], "summary": {"covered_lines": 8, "num_statements": 9, "percent_covered": 88.88888888888889, "percent_covered_display": "89", "missing_lines": 1, "excluded_lines": 0, "percent_statements_covered": 88.88888888888889, "percent_statements_covered_display": "89"}, "missing_lines": [362], "excluded_lines": [], "start_line": 347}, "_verificar_todas_disciplinas_finalizadas": {"executed_lines": [378, 379, 380, 383, 384, 385, 386, 387], "summary": {"covered_lines": 8, "num_statements": 9, "percent_covered": 88.88888888888889, "percent_covered_display": "89", "missing_lines": 1, "excluded_lines": 0, "percent_statements_covered": 88.88888888888889, "percent_statements_covered_display": "89"}, "missing_lines": [381], "excluded_lines": [], "start_line": 373}, "_obtener_disciplinas_torneo": {"executed_lines": [395, 396, 397, 399], "summary": {"covered_lines": 4, "num_statements": 5, "percent_covered": 80.0, "percent_covered_display": "80", "missing_lines": 1, "excluded_lines": 0, "percent_statements_covered": 80.0, "percent_statements_covered_display": "80"}, "missing_lines": [398], "excluded_lines": [], "start_line": 390}, "health_check": {"executed_lines": [], "summary": {"covered_lines": 0, "num_statements": 1, "percent_covered": 0.0, "percent_covered_display": "0", "missing_lines": 1, "excluded_lines": 0, "percent_statements_covered": 0.0, "percent_statements_covered_display": "0"}, "missing_lines": [405], "excluded_lines": [], "start_line": 403}, "": {"executed_lines": [3, 4, 5, 6, 8, 9, 11, 15, 16, 17, 18, 22, 23, 24, 25, 26, 29, 30, 34, 35, 40, 41, 42, 45, 48, 51, 54, 58, 59, 60, 61, 62, 63, 67, 71, 74, 77, 80, 83, 84, 86, 87, 89, 90, 95, 96, 97, 98, 99, 100, 101, 104, 124, 155, 158, 180, 229, 282, 296, 301, 310, 323, 347, 373, 390, 402, 403], "summary": {"covered_lines": 67, "num_statements": 67, "percent_covered": 100.0, "percent_covered_display": "100", "missing_lines": 0, "excluded_lines": 0, "percent_statements_covered": 100.0, "percent_statements_covered_display": "100"}, "missing_lines": [], "excluded_lines": [], "start_line": 1}},